"0","data = read_csv(here (""Data"", ""brf-fakedata-no-missing_12AUG23.csv"")) %>%
  mutate(phu = case_when(phu %in% 1:10 ~ 1,
                        phu %in% 11:20 ~ 2,
                        phu %in% 21:30 ~ 3,
                        phu %in% 31:40 ~ 4,
                        phu %in% 41:50 ~ 5,
                        phu %in% 51:70 ~ 6,
                        TRUE ~ NA_real_))
"
"2","[1mRows: [22m[34m229753[39m [1mColumns: [22m[34m23[39m"
"2","[36mâ”€â”€[39m [1mColumn specification[22m [36mâ”€â”€â”€â”€â”€â”€â”€â”€â”€â”€â”€â”€â”€â”€â”€â”€â”€â”€â”€â”€â”€â”€â”€â”€â”€â”€â”€â”€â”€â”€â”€â”€â”€â”€â”€â”€â”€â”€â”€â”€â”€â”€â”€â”€â”€â”€â”€â”€â”€â”€â”€â”€â”€â”€â”€â”€â”€â”€â”€â”€â”€â”€â”€â”€â”€â”€â”€â”€â”€â”€â”€â”€â”€â”€â”€â”€â”€â”€â”€â”€â”€â”€â”€â”€â”€â”€â”€â”€â”€â”€â”€â”€â”€â”€â”€â”€â”€â”€â”€â”€â”€â”€â”€â”€[39m
[1mDelimiter:[22m "",""
[32mdbl[39m (23): id, sex, phu, ster, out_ai, comorb, matai, care, par, smk, del, multip, rur, quint, exp_vax, comp, exp_flu, bf, ag..."
"2","
[36mâ„¹[39m Use `spec()` to retrieve the full column specification for this data.
[36mâ„¹[39m Specify the column types or set `show_col_types = FALSE` to quiet this message."
